Page ID	Document URL	Reference number	Reference
doc01	https://en.wikipedia.org/w/index.php?title=Ashtiname_of_Muhammad&oldid=1204869561	[1]	Ratliff, "The monastery of Saint Catherine at Mount Sinai and the Christian communities of the Caliphate."
doc01	https://en.wikipedia.org/w/index.php?title=Ashtiname_of_Muhammad&oldid=1204869561	[7]	Morrow, John Andrew (2021). The Islamic Interfaith Initiative: no fear shall be upon them . Newcastle-upon-Tyne. p. 335. ISBN 978-1-5275-7482-3 . OCLC 1277138744 . {{ cite book }} :  CS1 maint: location missing publisher ( link )
doc01	https://en.wikipedia.org/w/index.php?title=Ashtiname_of_Muhammad&oldid=1204869561	[8]	"Dr. John Andrew Morrow" . Muhammad (pbuh) - Prophet of Islam . 2015-01-27 . Retrieved 2022-10-09 .
doc01	https://en.wikipedia.org/w/index.php?title=Ashtiname_of_Muhammad&oldid=1204869561	[9]	Morrow, John Andrew (2019-10-16). "The Covenants of the Prophet Muhammad Continue to Cause Controversy" . Maydan . Retrieved 2023-09-04 .
doc01	https://en.wikipedia.org/w/index.php?title=Ashtiname_of_Muhammad&oldid=1204869561	[10]	Andrew Morror, John, ed. (2017). Islām and the People of the Book Volumes 1-3: Critical Studies on the Covenants of The Prophet . Cambridge: Cambridge Scholars Publishing. ISBN 978-1-5275-9876-8 .
doc01	https://en.wikipedia.org/w/index.php?title=Ashtiname_of_Muhammad&oldid=1204869561	[11]	Andrew Morrow, John (2013). The Covenants of the Prophet Muhammad with the Christians of the World . New York: Angelico Press. ISBN 978-1597314657 .
doc01	https://en.wikipedia.org/w/index.php?title=Ashtiname_of_Muhammad&oldid=1204869561	[12]	Ratliff, "The monastery of Saint Catherine at Mount Sinai and the Christian communities of the Caliphate", note 9. Ratliff refers to Mouton, "Les musulmans à Sainte-Catherine au Moyen Âge", p. 177.
doc01	https://en.wikipedia.org/w/index.php?title=Ashtiname_of_Muhammad&oldid=1204869561	[13]	Moritz, Bernhard. (1918). "Beiträge zur Geschichte des Sinaiklosters im Mittelalter nach arabischen Quellen", p. 11.
doc01	https://en.wikipedia.org/w/index.php?title=Ashtiname_of_Muhammad&oldid=1204869561	[14]	Sanni. (2015), "The Covenants of the Prophet Muḥammad with the Christians of the World", Journal of Muslim Minority Affairs, DOI: 10.1080/13602004.2015.1112122, p. 2.
doc01	https://en.wikipedia.org/w/index.php?title=Ashtiname_of_Muhammad&oldid=1204869561	[15]	Mubasher, "John Andrew Morrow. The Covenants of the Prophet Muhammad with the Christians of the World", Islamic Studies, Vol. 57 No. 3-4 (2018), p. 313
doc03	https://en.wikipedia.org/wiki/Marriage_Charter_of_Empress_Theophanu	[16]	Brandt, Michael; Eggebrecht, Arne (1993). "The marriage of Empress Theophanu (Hartmut Hoffmann)". Bernward von Hildesheim und das Zeitalter der Ottonen [ Bernward of Hildesheim and the era of the Ottonians: Catalogue of the exhibition ] (in German). Philipp von Zabern. ISBN 978-3-87065-736-9 . OCLC 29299096 .
doc03	https://en.wikipedia.org/wiki/Marriage_Charter_of_Empress_Theophanu	[28]	Schulze, Hans K (2007). The Marriage of Empress Theophanu: The Greek and Roman Empress of the German Empire 972–991 (in German). Hahn. ISBN 978-3-7752-6124-1 . OCLC 229846358 .
doc03	https://en.wikipedia.org/wiki/Marriage_Charter_of_Empress_Theophanu	[29]	Deeters, Walter; Matthes, Dieter (1972). The Marriage of Empress Theophanu, 14 April 942, Exhibition of the Lower Saxony State Archives in Wolfenbüttel (in German). Vandenhoeck & Ruprecht. OCLC 64797234 .
doc03	https://en.wikipedia.org/wiki/Marriage_Charter_of_Empress_Theophanu	[30]	Sickel, Theodor (1883). Das Privilegium Otto I. Für die römische Kirche vom Jahre 962 [ The privilege of Otto I. for the Roman Catholic Church from the year 962 ] (in German). Wagner.
doc04	https://en.wikipedia.org/wiki/Supetar_Cartulary	[5]	Švob, Držislav (1956), Pripis Supetarskog kartulara o izboru starohrvatskog kralja i popis onodobnih banova (PDF) (in Croatian), Zagreb: Školska Knjiga, pp. 101–117, archived from the original (PDF) on 14 May 2014
doc05	https://en.wikipedia.org/wiki/Charter_of_Duke_Trpimir	[1]	Klarić, Nada: Izvori za hrvatsku povijest, p. 20
doc05	https://en.wikipedia.org/wiki/Charter_of_Duke_Trpimir	[2]	Stipišić, J.; Šamšalović M., ur. Codex Diplomaticus Regni Croatiae, Dalmatiae et Slavoniae, sv. 1. Zagreb: Izdavački zavod Jugoslavenske akademije znanosti i umjetnosti, 1967., p. 3-4
doc05	https://en.wikipedia.org/wiki/Charter_of_Duke_Trpimir	[3]	Rački, Franjo : Kad i kako se preobrazi hrvatska kneževina u kraljevinu , Rad JAZU XVII, p. 201-204
doc05	https://en.wikipedia.org/wiki/Charter_of_Duke_Trpimir	[4]	Barada, Miho: Dvije naše vladarske isprave, Croatia sacra 7, p. 1-96.
doc05	https://en.wikipedia.org/wiki/Charter_of_Duke_Trpimir	[5]	Katić, Lovre: Prijepisi dviju najstarijih povelja iz hrvatske povijesti, Vjesnik za arh. i hist. Dalm. LI, p. 101-124
doc05	https://en.wikipedia.org/wiki/Charter_of_Duke_Trpimir	[6]	Kostrenčić, Marko: Nacrt historija hrv. države i hrv. prava, Zagreb 1956., p. 115-117.
doc05	https://en.wikipedia.org/wiki/Charter_of_Duke_Trpimir	[7]	Švob, Držislav: Krivotvorine o svetom Jurju Putaljskom, Vjesnik hrv. arh. društva, NS XVII, š. 195-207.
doc05	https://en.wikipedia.org/wiki/Charter_of_Duke_Trpimir	[8]	Margetić, Lujo: Bilješke uz Trpimirovu ispravu, Zbornik radova Pravnog fakulteta, p. 508.-509.
doc05	https://en.wikipedia.org/wiki/Charter_of_Duke_Trpimir	[9]	Toma arhiđakon, Kronika. Uredio i preveo: Vladimir Rismondo. Čakavski sabor, Split, 1977, p. 42.
doc05	https://en.wikipedia.org/wiki/Charter_of_Duke_Trpimir	[11]	Matijević Sokol, Mirjana: 1150. obljetnica darovnice kneza Trpimira, Izdanja Hrvatskog arheološkog društva 25 (2010), p. 14.
doc06	https://en.wikipedia.org/wiki/Pacta_conventa_(Croatia)	[6]	Curta, Florin; Stephenson, Paul (2006). Southeastern Europe in the Middle Ages, 500-1250 . Cambridge University Press . ISBN 978-0-521-81539-0 .
doc06	https://en.wikipedia.org/wiki/Pacta_conventa_(Croatia)	[11],[12]	Fine, John (2006). When Ethnicity Did Not Matter in the Balkans: A Study of Identity in Pre-nationalist Croatia, Dalmatia, and Slavonia in the Medieval and Early-modern Periods . University of Michigan Press . ISBN 978-0-472-11414-6 .
doc06	https://en.wikipedia.org/wiki/Pacta_conventa_(Croatia)	[13]	Bellamy, Alex J. (2003). The Formation of Croatian National Identity: A Centuries-old Dream . Manchester University Press . ISBN 978-0-7190-6502-6 .
doc06	https://en.wikipedia.org/wiki/Pacta_conventa_(Croatia)	[14]	Antoljak, Stjepan (November 1995). "Milan Sufflay kao paleograf i diplomatičar" . Arhivski vjesnik (in Croatian) (38). Croatian State Archives : 144–145. ISSN 0570-9008 . Retrieved 2012-05-10 .
doc06	https://en.wikipedia.org/wiki/Pacta_conventa_(Croatia)	[15]	Klaić, Nada (1958–59). "O. Mandić, "Pacta conventa" i "dvanaest" hrvatskih bratstava" (PDF) . Historical Journal (in Croatian). XI–XII. Croatian Historical Society: 165–206. ISSN 0351-2193 . Archived from the original (PDF) on 2016-03-04 . Retrieved 2012-05-10 .
doc06	https://en.wikipedia.org/wiki/Pacta_conventa_(Croatia)	[16]	Heka, Ladislav (October 2008). "Croatian-Hungarian relations from the Middle Ages to the Compromise of 1868, with a special survey of the Slavonian issue" . Scrinia Slavonica (in Croatian). 8 (1). Slavonski Brod: Croatian Historical Institute – Department of History of Slavonia, Srijem and Baranja: 155. ISSN 1332-4853 . Retrieved 2012-05-10 .
doc06	https://en.wikipedia.org/wiki/Pacta_conventa_(Croatia)	[17]	"Croatia (History)" . Encarta . Archived from the original on 2006-06-29 . Retrieved 2009-03-06 .
doc07	https://en.wikipedia.org/wiki/Document_12-571-3570	[3]	Roach, Mary (2011). Packing For Mars . W. W. Norton & Company. pp. 235–236. ISBN 9780393339918 . Archived from the original on 2017-02-25 . Retrieved 2021-05-07 .
doc07	https://en.wikipedia.org/wiki/Document_12-571-3570	[4]	David Schmader, Last Days Archived 2007-12-10 at the Wayback Machine , The Stranger , February 22, 2000
doc07	https://en.wikipedia.org/wiki/Document_12-571-3570	[5]	Pierre Kohler. La Dernière Mission ( The Final Mission ). Calmann-Levy, 2000 - ISBN 2-7021-3080-1 .
doc07	https://en.wikipedia.org/wiki/Document_12-571-3570	[6]	"The 100,000-Mile-High Club" . Wired News. February 23, 2000. Archived from the original on 3 March 2003 . Retrieved 27 October 2016 .
doc12	https://en.wikipedia.org/wiki/Letter_of_Lentulus	[4]	Maas, Anthony John (1910). " Publius Lentulus ". In Herbermann, Charles (ed.). Catholic Encyclopedia . Vol. 9. New York: Robert Appleton Company.
doc12	https://en.wikipedia.org/wiki/Letter_of_Lentulus	[7]	Münter, Friedrich (1825). Die Sinnbilder und Kunstvorstellungen der alten Christen . Altona. p. 9.
doc12	https://en.wikipedia.org/wiki/Letter_of_Lentulus	[8]	Schneemelcher, Wilhelm, ed. (1991). New Testament Apocrypha: Gospels and Related Writings . Vol. 1. Cambridge: James Clarke. p. 66. ISBN 0-227-67915-6 .
doc12	https://en.wikipedia.org/wiki/Letter_of_Lentulus	[9]	Sherk, Robert K, ed. (2001). The Roman Empire: Augustus to Hadrian . Cambridge University Press. p. 43. ISBN 0-521-33887-5 . 6:1, [In the consulship of Marcus Vinicius and Quintius Lucrecius (19 BC)] and later in that of Publius Lentulus and Gnaeus L[entulus (18 BC) and a third time in that of Paullus Fabius Maximus and Quintus Tubero (11 BC) the senate and the Roman people agreed] that [I should be made sole guardian of the laws and morals with the highest authority, but I did not accept any magistracy, though offered, which was contrary to the customs of our ancestors.
doc12	https://en.wikipedia.org/wiki/Letter_of_Lentulus	[10]	"The Deeds of the Divine Augustus" . The Internet Classics Archive .
doc13	https://en.wikipedia.org/wiki/Minuscule_2427	[8]	Stephen C. Carlson, "Archaic Mark" (MS 2427) and the Finding of a Manuscript Fake (2006).
doc13	https://en.wikipedia.org/wiki/Minuscule_2427	[9]	Mary V. Orna, Applications of Infrared Microspectroscopy to Art Historical Questions about Medieval Manuscripts , Archaeological Chemistry, 4 (1988), pp. 270-288.
doc13	https://en.wikipedia.org/wiki/Minuscule_2427	[10]	Carlson 2006a
doc13	https://en.wikipedia.org/wiki/Minuscule_2427	[11]	Mitchell and Duncan 2006
doc13	https://en.wikipedia.org/wiki/Minuscule_2427	[12]	Novum Testamentum Graece , ed. Ph. Buttman, 5th edition, (Leipzig 1878)
doc13	https://en.wikipedia.org/wiki/Minuscule_2427	[13]	Stephen C. Carlson, The Nineteenth-Century Exemplar of “Archaic Mark” (MS 2427), SBL 2006.
doc13	https://en.wikipedia.org/wiki/Minuscule_2427	[14]	“Chicago’s ‘Archaic Mark’ (ms 2427) II: Microscopic, Chemical and Codicological Analysis Confirms Modern Production” (with Joseph G. Barabe and Abigail B. Quandt). Novum Testamentum 52 (2010) 101-33.
doc14	https://en.wikipedia.org/wiki/Oath_of_a_Freeman	[1]	McDowell, Edwin (1985). "Gallery Said To Possess First American Imprint" . The New York Times . Retrieved 10 May 2018 .
doc14	https://en.wikipedia.org/wiki/Oath_of_a_Freeman	[3]	Lindsey, Robert (1987). "Dealer in Mormon Fraud Called a Master Forger" . The New York Times . Retrieved 10 May 2018 .
doc14	https://en.wikipedia.org/wiki/Oath_of_a_Freeman	[4]	Worrall, Simon (2009). The Poet and the Murderer (Kindle ed.).
doc14	https://en.wikipedia.org/wiki/Oath_of_a_Freeman	[8]	Naifeh, Steven; Smith, Gregory White (2005). The Mormon Murders: A True Story of Greed, Forgery, Deceit, and Death . St. Martin's Press.
doc15	https://en.wikipedia.org/wiki/Pami%C4%99tnik_handlowca	[1]	Pula, James S. (2008). "Fact vs. Fiction: What Do We Really Know About The Polish Presence In Early Jamestown?". The Polish Review . 53 (4): 477–493. JSTOR 25779776 .
doc16	https://en.wikipedia.org/wiki/Pata_Khazana 	[1]	Jiří Bečka (1980). Bedřich Hrozný (ed.). "Review of Pota Tofdani". Archiv Orientální. Orientální ústav: 80.
doc16	https://en.wikipedia.org/wiki/Pata_Khazana 	[4]	David Neil MacKenzie: "The Development of the Pashto Script". In: Shirin Akiner (Editor): Languages and Scripts of Central Asia. School of Oriental and African Studies, Univ. of London, 1997, ISBN 978-0728602724. p. 142
doc17	https://en.wikipedia.org/wiki/Privilegium_Maius	[1]	"Hatte sein Vater durch Anerkennung des Privilegium maius dem Haus einen besonderen Rang im Reich verschafft ,so steigerte Maximilian das Ansehen und den Anspruch der Dynastie durch genealogische Spekulationen [...]" [10]
doc18	https://en.wikipedia.org/wiki/The_Protocols_of_the_Elders_of_Zion 	[3]	Graves, Philip (August 16–18, 1921). "The Truth about the Protocols: A Literary Forgery" . The Times . London. Archived from the original on August 9, 2003.
doc18	https://en.wikipedia.org/wiki/The_Protocols_of_the_Elders_of_Zion 	[4]	Jacobs analyses the Marsden English translation. Some other less common imprints have more or less than 24 protocols.
doc18	https://en.wikipedia.org/wiki/The_Protocols_of_the_Elders_of_Zion 	[5]	The main speaker was the former chief of the Swiss General Staff Emil Sonderegger .
doc18	https://en.wikipedia.org/wiki/The_Protocols_of_the_Elders_of_Zion 	[6]	Zander had to withdraw his contention and the stock of the incriminated Protocols were destroyed by order of the court. Zander had to pay the fees of this Basel Trial. [75]
doc19	https://en.wikipedia.org/wiki/Salamander_letter	[5]	"THE SALAMANDER LETTER - Sandra and Jerald Tanner - Venner 01" . www.veneermagazine.com . Retrieved 2022-06-12 .
doc19	https://en.wikipedia.org/wiki/Salamander_letter	[6]	Quinn, D. Michael (1998), Early Mormonism and the Magic World View , Signature Books, ISBN 1560850892
doc19	https://en.wikipedia.org/wiki/Salamander_letter	[10]	Schindler, Harold (15 February 1987), "First 'Hofmann' history-mystery", The Salt Lake Tribune
doc19	https://en.wikipedia.org/wiki/Salamander_letter	[11]	Tvedtnes, John A (1994), "Review of Answering Mormon Scholars: A Response to Criticism of the Book 'Covering Up the Black Hole in the Book of Mormon' " , Review of Books on the Book of Mormon , 6 (2), Provo, Utah: Maxwell Institute , retrieved 2014-02-27
doc19	https://en.wikipedia.org/wiki/Salamander_letter	[12]	Faust, James E. (October 1989). "Continuous Revelation" . We make no claim of infallibility or perfection in the prophets, seers, and revelators.
doc19	https://en.wikipedia.org/wiki/Salamander_letter	[13]	"Doctrine and Covenants Student Manual" . The Church of Jesus Christ of Latter-day Saints. 2002. pp. 389–92. No claim is put forth by the prophets of God to suggest that they are infallible, that everything they say and do is what the Lord would say and do. Only when they act in harmony with the will of the Lord do they become the Lord's mouthpiece. Each President of the Church has been quick to point out that he has weaknesses and imperfections.
doc19	https://en.wikipedia.org/wiki/Salamander_letter	[14]	Lindsey, Robert (1988), A Gathering of Saints: A True Story of Money Murder and Deceit , New York: Simon and Schuster, ISBN 0671651129 , OCLC 18105692
doc19	https://en.wikipedia.org/wiki/Salamander_letter	[15]	Dew, Sheri (1996), Go Forward with Faith: The Biography of Gordon B. Hinckley , Salt Lake City: Deseret Book, ISBN 1573451657 , OCLC 35364667
doc19	https://en.wikipedia.org/wiki/Salamander_letter	[16]	Midgley, Louis (2003), "Prying into Palmer" , FARMS Review , 15 (2), Provo, Utah: Maxwell Institute , retrieved 2014-02-27
doc19	https://en.wikipedia.org/wiki/Salamander_letter	[17]	Palmer, Grant H. (June 2010), "My Years in the Church Education System, 1967–2001" , signaturebooks.com , archived from the original on 2012-05-30 , retrieved 2014-02-27
doc19	https://en.wikipedia.org/wiki/Salamander_letter	[18]	Tanner, Jerald ; Tanner, Sandra (1993), Problems in the Godmakers II , Salt Lake City: Utah Lighthouse Ministry
doc20	https://en.wikipedia.org/wiki/The_Will_of_Peter_the_Great	[1]	John Barrow , The Life of Peter the Great , Chapter "Note on the Alleged Will of Peter the Great"
doc20	https://en.wikipedia.org/wiki/The_Will_of_Peter_the_Great	[2]	Dimitry V. Lehovich, "The Testament of Peter the Great",  American Slavic and East European Review Vol. 7, No. 2 (Apr., 1948), pp. 111-124 JSTOR 2492188
doc20	https://en.wikipedia.org/wiki/The_Will_of_Peter_the_Great	[5]	Jerzy Zdrada. "Apollo Korzeniowski's Poland and Muscovy " : p. 61
doc20	https://en.wikipedia.org/wiki/The_Will_of_Peter_the_Great	[6]	Neumann, Iver B. "Europe's post-Cold War memory of Russia: cui bono?" in Memory and power in post-war Europe: studies in the presence of the past ed. Jan-Werner Müller. Cambridge University Press, 2002: p. 132
doc20	https://en.wikipedia.org/wiki/The_Will_of_Peter_the_Great	[7]	McNally, Raymond T. "The Origins of Russophobia in France" in American Slavic and East European Review Vol. 17, No. 2 (Apr., 1958): pp. 173-189
doc20	https://en.wikipedia.org/wiki/The_Will_of_Peter_the_Great	[8]	Wheen, Francis (2000). Karl Marx: A Life . W. W. Norton & Company. p. 211. ISBN 978-0-393-04923-7 .
doc20	https://en.wikipedia.org/wiki/The_Will_of_Peter_the_Great	[9]	"Excerpts on Russia from Karl Marx (1856–57/1873)" . www.marxists.org . Retrieved 2021-11-08 .
doc20	https://en.wikipedia.org/wiki/The_Will_of_Peter_the_Great	[10]	"Poland's European Mission by Karl Marx 1867" . www.marxists.org . Retrieved 2021-11-08 .
doc20	https://en.wikipedia.org/wiki/The_Will_of_Peter_the_Great	[11]	The American Historical Review , 1912, p.705
doc21	https://en.wikipedia.org/wiki/Vinland_Map	[1]	Seaver, Kirsten A. (2004). Maps, Myths and Men . Stanford, CA: Stanford University Press. ISBN 978-0-8047-4963-3 .
doc21	https://en.wikipedia.org/wiki/Vinland_Map	[4]	Washburn, Wilcomb E., ed. (1971). Proceedings of the Vinland Map Conference . Chicago, IL: University of Chicago Press.
doc21	https://en.wikipedia.org/wiki/Vinland_Map	[5]	A.D. Baynes-Cope (1974). "The Scientific Examination of the Vinland Map at the Research Laboratory of the British Museum". Geographical Journal . 140 (2): 208–211. doi : 10.2307/1797077 . JSTOR 1797077 .
doc21	https://en.wikipedia.org/wiki/Vinland_Map	[6]	Walter C. McCrone & Lucy B. McCrone (1974). "The Vinland Map Ink". Geographical Journal . 140 (2): 212–214. doi : 10.2307/1797078 . JSTOR 1797078 .
doc21	https://en.wikipedia.org/wiki/Vinland_Map	[7]	Cahill, Thomas A.; et al. (1985). Further Analysis of the Vinland Map, Tartar Relation, and Speculum Historiale . Sacramento, CA: Crocker Nuclear Laboratory.
doc21	https://en.wikipedia.org/wiki/Vinland_Map	[8]	K. M. Towe (1990). "The Vinland Map: Still a Forgery" (Reprint) . Accounts of Chemical Research . 23 (3): 84–87. doi : 10.1021/ar00171a005 . Retrieved 2007-10-26 .
doc21	https://en.wikipedia.org/wiki/Vinland_Map	[9]	Gregory Möller, "Preliminary Report on the Scanning Electron Microscope Analysis of Particles from the Vinland Map", unpublished
doc21	https://en.wikipedia.org/wiki/Vinland_Map	[10]	Skelton et al. (1995) pages xxix-xxxix
doc21	https://en.wikipedia.org/wiki/Vinland_Map	[11]	T.A. Cahill; R.N. Schwab; B.H. Kusko; R.A. Eldred; G. Moller; D. Dutschke; D. L. Wick & A.S. Pooley (1987). "The Vinland Map, Revisited: New Compositional Evidence on Its Inks and Parchment". Analytical Chemistry . 59 (6): 829–833. doi : 10.1021/ac00133a009 .
doc21	https://en.wikipedia.org/wiki/Vinland_Map	[12]	Cahill, Thomas A.; et al. (1985). "Excerpts from Appendices to: Further Analysis of the Vinland Map, Tartar Relation, and Speculum Historiale" . collage by PastPresented, 2015 . Retrieved 2015-01-31 .
doc21	https://en.wikipedia.org/wiki/Vinland_Map	[13]	K. M. Towe; R. J. H. Clark; K. A. Seaver (2008). "Analysing the Vinland Map: A Critical Review of a Critical Review" (PDF) . Archaeometry . 50 (5): 887–893. CiteSeerX 10.1.1.482.5712 . doi : 10.1111/j.1475-4754.2008.00428.x .
doc21	https://en.wikipedia.org/wiki/Vinland_Map	[14]	Walter C. McCrone (1988). "The Vinland Map". Analytical Chemistry . 60 (10): 1009–1018. doi : 10.1021/ac00161a013 .
doc21	https://en.wikipedia.org/wiki/Vinland_Map	[15]	Walter C. McCrone (1999). "Vinland Map 1999" (PDF) . The Microscope . 47 (2): 71–74.
doc21	https://en.wikipedia.org/wiki/Vinland_Map	[16]	Katherine L. Brown; Robin J. H. Clark (2002). "Analysis of Pigmentary Materials on the Vinland Map and Tartar Relation by Raman Microprobe Spectroscopy" (Reprint) . Analytical Chemistry . 74 (15): 3658–3661. doi : 10.1021/ac025610r . PMID 12175150 . Retrieved 2007-10-26 .
doc21	https://en.wikipedia.org/wiki/Vinland_Map	[17]	Jacqueline S. Olin (2003). "Evidence That the Vinland Map Is Medieval" (Reprint) . Analytical Chemistry . 75 (23): 6745–6747. doi : 10.1021/ac034533c . PMID 16468159 . Retrieved 2007-10-26 .
doc21	https://en.wikipedia.org/wiki/Vinland_Map	[18]	Kenneth M. Towe (2004). "The Vinland Map Ink Is NOT Medieval" (Reprint) . Analytical Chemistry . 76 (3): 863–865. doi : 10.1021/AC0354488 . PMID 14750887 . Retrieved 2007-10-26 .
doc21	https://en.wikipedia.org/wiki/Vinland_Map	[19]	McNaughton, Douglas (2000). "Scientific Studies of the Vinland Map". Vikings: The North Atlantic Saga . Washington, D.C.: Smithsonian Books. p. 269.
doc21	https://en.wikipedia.org/wiki/Vinland_Map	[20]	Olin, J.S. (2013). "The Vinland Map: Transmission Electron Micrograph of the Ink". International Journal of Advances in Chemistry . 1 (1).
doc21	https://en.wikipedia.org/wiki/Vinland_Map	[21]	Donahue, D. J.; Olin, J. S.; Harbottle G. (2002). "Determination of the Radiocarbon Age of Parchment of the Vinland Map" . Radiocarbon . 44 : 45–52. doi : 10.1017/S0033822200064651 .
doc21	https://en.wikipedia.org/wiki/Vinland_Map	[22]	Skelton et al. (1995) pages lvi-lvii
doc21	https://en.wikipedia.org/wiki/Vinland_Map	[23]	Wilford, John Noble (Feb 13, 1996). "Disputed Medieval Map Called Genuine After All" . The New York Times . Retrieved May 13, 2020 .
doc21	https://en.wikipedia.org/wiki/Vinland_Map	[24]	Shalev, Zur (2007). "Reviewed Work: Maps, Myths, and Men: The Story of the Vinland Map by Kirsten A. Seaver". The Journal of Interdisciplinary History . 37 (3): 455–457. doi : 10.1162/jinh.2007.37.3.455 . JSTOR 4139628 . S2CID 145613762 .
doc21	https://en.wikipedia.org/wiki/Vinland_Map	[25]	Schledermann, Peter (2005). "Review: Maps, Myths, and Men: The Story of the Vinland Map" . Arctic . 58 (1): 84–85. doi : 10.14430/arctic396 . Archived from the original on 16 October 2015 . Retrieved 10 September 2015 .
doc21	https://en.wikipedia.org/wiki/Vinland_Map	[26]	Harvey, P. D. A. (January 2006). "The Vinland Map, R. A. Skelton and Josef Fischer". Imago Mundi . 58 (1): 95–99. doi : 10.1080/03085690500362629 . S2CID 128426431 .
doc21	https://en.wikipedia.org/wiki/Vinland_Map	[27]	Hellen, Nicholas (June 2, 2013). "Amateur scuppers 'Viking map of US' " . The Sunday Times . ISSN 0140-0460 . Retrieved April 28, 2020 .
doc21	https://en.wikipedia.org/wiki/Vinland_Map	[28]	"The Viking Map" . Secrets . Season 1. Episode 5. 2013. Smithsonian Channel. Archived from the original on 24 February 2015.
doc21	https://en.wikipedia.org/wiki/Vinland_Map	[29]	René Larsen & Dorte V. Poulsen, Report on the Assessment and Survey ... of the Vinland Map ... Archived 2011-06-17 at the Wayback Machine web version, Royal Danish Academy of Fine Arts (2005)
doc21	https://en.wikipedia.org/wiki/Vinland_Map	[30]	"Vinland Map of America no forgery, expert says" . reuters.com . Reuters. 17 July 2009 . Retrieved 18 July 2009 .
doc21	https://en.wikipedia.org/wiki/Vinland_Map	[31]	René Larsen & Dorte V. P. Sommer (2009). "Facts and Myths about the Vinland Map and its Context". Zeitschrift für Kunsttechnologie und Konservierung . 23 (2): 196–205.
doc21	https://en.wikipedia.org/wiki/Vinland_Map	[32]	Borrell, Brendan Pre-Columbian Map of North America Could Be Authentic--Or not , Scientific American (2008-07-22)
doc21	https://en.wikipedia.org/wiki/Vinland_Map	[33]	Sommer, Dorte V. P.; Axelsson, K. M.; et al. (2017). "Multiple Microanalyses of a Sample from the Vinland Map". Archaeometry . 59 (2): 287–301. doi : 10.1111/arcm.12249 .
doc21	https://en.wikipedia.org/wiki/Vinland_Map	[34]	Floyd, John Paul (21 May 2013). "Details of the recent Vinland Map discoveries / References" . Maphist forum . Archived from the original on 8 November 2014 . Retrieved Apr 27, 2018 .
doc21	https://en.wikipedia.org/wiki/Vinland_Map	[35]	Exposición Histórico-Europea 1892 á 1893: Catálogo General . Madrid, Spain: Fortanet. 1893. p. Sala X: 53.
doc21	https://en.wikipedia.org/wiki/Vinland_Map	[36]	Pérez Pastor, Cristóbal (1926). Noticias y Documentos relativos á la Historia y Literatura Españolas recogidos por D. C. Pérez Pastor (tomo III) . Madrid, Spain: Real Academia Española. p. 89.
doc21	https://en.wikipedia.org/wiki/Vinland_Map	[37]	Hancock, Peter (2015). Hoax Springs Eternal: The Psychology of Cognitive Deception (1st ed.). Cambridge University Press. ISBN 978-1-107-07168-1 .
doc21	https://en.wikipedia.org/wiki/Vinland_Map	[38]	Formaleoni, Vincenzio (1783). "c1782 engraving from Andrea Bianco map (per J.P. Floyd claims)" . John Carter Brown Library . Retrieved February 1, 2015 .
doc21	https://en.wikipedia.org/wiki/Vinland_Map	[39]	Floyd, John Paul (2018). A Sorry Saga: Theft, Forgery, Scholarship... and the Vinland Map . Independently Published. ISBN 978-1719979788 .
doc21	https://en.wikipedia.org/wiki/Vinland_Map	[40]	"Vinland Map Flap Redux, Yale Alumni Magazine, October 2002" . Archived from the original on November 14, 2012 . Retrieved May 13, 2020 .
doc21	https://en.wikipedia.org/wiki/Vinland_Map	[41]	Freedman, Paul (November 28, 2011). "HIST-210: Lecture 22 - Vikings / The European Prospect" . Open Yale courses . Archived from the original on August 27, 2014 . Retrieved August 26, 2014 .
doc21	https://en.wikipedia.org/wiki/Vinland_Map	[42]	Richard Hark (21 Sep 2018). The Vinland Map Rediscovered symposium (recorded livestream). Mystic Seaport, CT: Mystic Seaport . Retrieved 22 Sep 2018 .
doc21	https://en.wikipedia.org/wiki/Vinland_Map	[43]	Clemens, Raymond (2019). "Acquisition, Collaboration, Teaching: The Role of the Beinecke Library in Driving Research". Bulletin of the Center for Historical Social Science Literature, Hitotsubashi University . 39 : 13–18. doi : 10.15057/30238 .
doc21	https://en.wikipedia.org/wiki/Vinland_Map	[44]	Cummings, Mike (September 1, 2021). "Analysis unlocks secret of the Vinland Map — it's a fake" . YaleNews . Retrieved September 2, 2021 .
doc21	https://en.wikipedia.org/wiki/Vinland_Map	[45]	Yuhas, Alan (2021-09-30). "Yale Says Its Vinland Map, Once Called a Medieval Treasure, Is Fake" . The New York Times . ISSN 0362-4331 . Retrieved 2021-09-30 .
doc23	https://en.wikipedia.org/wiki/Book_of_Jasher_(Pseudo-Jasher)	[3]	Stephen, Leslie , ed. (1887). "Ilive, Jacob" . Dictionary of National Biography . Vol. 12. London: Smith, Elder & Co.
doc23	https://en.wikipedia.org/wiki/Book_of_Jasher_(Pseudo-Jasher)	[4]	"Part 1, Groups, Book 1" . Catalog of Copyright Entries . Vol. 31 (New Series). Washington. 1935. pp. 1691–1692. {{ cite book }} :  CS1 maint: location missing publisher ( link )
doc24	https://en.wikipedia.org/wiki/Book_of_Veles	[4]	What scientists think about the «Veles book» // Compiled by A. Alexeyev (in Russian)
doc24	https://en.wikipedia.org/wiki/Book_of_Veles	[5]	Козлов В.П. "Дощечки Изенбека", или Умершая "Жар-птица" : Hystory : By.rU Archived 2008-04-10 at the Wayback Machine Source tracing:: "А этот анализ, - пишет Творогов, - приводит нас к совершенно определенному выводу: перед нами искусственный язык, причем "изобретенный" лицом, с историей славянских языков не знакомым и не сумевшим создать свою, последовательно продуманную, языковую систему" 29.| 29 Там же. С. 228.| 28 Цит. по: Творогов О.В. "Влесова книга". С. 222 | 27 Творогов О.В. Когда была написана "Влесова книга"? // Философско-эстетические проблемы древнерусской культуры: Сборник статей. М., 1988. Ч. 2. С. 144-195.
doc24	https://en.wikipedia.org/wiki/Book_of_Veles	[6]	Малянов, Дмитрий (2 December 2011). "Фоменко — жертва фанатизма" [Fomenko - the victim of fanaticism] (in Russian). Gazeta.ru . Retrieved 7 May 2016 .
doc24	https://en.wikipedia.org/wiki/Book_of_Veles	[7]	Рудницький, Юрій. "Початок кінця "велесовщини" " [Beginning of the end of "Bessesovschina"] (in Ukrainian). "Главред" magazine, no. 18, 2008 . Retrieved 3 May 2015 .
doc25	https://en.wikipedia.org/wiki/Brain-Washing_(book)	[2]	Ortega, Tony (February 20, 2018). "How L. Ron Hubbard tried to hoax the FBI, and 'brainwashed' politicians of the far right" .
doc25	https://en.wikipedia.org/wiki/Brain-Washing_(book)	[9]	Kevin Victor Anderson, Q.C. (1965). "Report of the Board of Enquiry into Scientology" . The State of Victoria, Australia – via David S. Touretzky . ...the English version of the manual bears a startling resemblance to Hubbard's own literary style. Whether he is the author, as was suggested by a witness hostile to scientology, is probably immaterial. What is of some significance is that his organization assiduously sold and distributed this manual. The Board heard evidence to the effect that Hubbard or his American organization, desiring to draw the attention of the 'authorities' to the contents of the manual and to expose the craftiness of the Russian psychopoliticians, posted from America to the Melbourne HASI an envelope containing a copy of the manual, and a similar envelope but with no copy of the manual in it. When the two envelopes arrived at their destination, the Melbourne HASI then complained to the 'authorities' that the contents of one envelope were missing, the suggestion being that the manual had been removed en route by communists, and the other envelope containing the manual was produced to the 'authorities,' so that they could see the nature of the material involved, and in this way the manual was brought to the notice of the 'authorities.'  It was a fanciful story, but it was consistent with Hubbard's policies of deceit and may very well be true. Certainly, a great part of the manual is almost a blue print for the propagation of scientology. One remarkable exhibit tendered to the Board was a series of extracts from the Brain-washing Manual, with, however, the substitution of a number of words with a scientology connotation for certain words with a communist connotation. With these substitutions effected, the extracts were in the main startlingly applicable to scientology as operating in Victoria. This exhibit, with the substitutions made, is Appendix 16.
doc25	https://en.wikipedia.org/wiki/Brain-Washing_(book)	[17]	L. Ron Hubbard. "3". Brain-Washing . The masses masses last come to believe that only excessive taxation of the rich can relieve them of the "burdensome leisure class" and can thus be brought to accept such a thing as income tax, a Marxist principle smoothly slid into Capitalistic framework in 1909 in the United States.
doc25	https://en.wikipedia.org/wiki/Brain-Washing_(book)	[18]	L. Ron Hubbard. "6". Brain-Washing .
doc25	https://en.wikipedia.org/wiki/Brain-Washing_(book)	[20]	"The Soviet Art Of Brainwashing" . Archived from the original on June 5, 2016 . Retrieved May 16, 2016 .
doc25	https://en.wikipedia.org/wiki/Brain-Washing_(book)	[21]	"The Soviet Art of Brainwashing (part 1)" . Archived from the original on March 13, 2010. "The Soviet Art of Brainwashing (part 2)" . Archived from the original on June 30, 2016.
doc25	https://en.wikipedia.org/wiki/Brain-Washing_(book)	[22]	Nick Redfern (2013). For Nobody's Eyes Only: Missing Government Files and Hidden Archives That Document the Truth Behind the Most Enduring Conspiracy Theories . Red Wheel/Weiser. ISBN 9781601635037 .
doc25	https://en.wikipedia.org/wiki/Brain-Washing_(book)	[23]	Hubbard, L. Ron (April 24, 1956), Purpose , Professional Auditor's Bulletin No. 81, Church of Scientology
doc26	https://en.wikipedia.org/wiki/Letter_of_Benan	[1]	Goodspeed, Edgar J. (1931). Strange New Gospels . Chicago: University of Chicago Press (1931). pp. 73–85.
doc27	https://en.wikipedia.org/wiki/William_Lynch_speech	[1]	Taylor, Anne Cleëster. "The Slave Consultant's Narrative: The life of an Urban Myth" . Archived from the original on 2007-08-08.
doc27	https://en.wikipedia.org/wiki/William_Lynch_speech	[4]	Rosenzweigh, Roy . "The Road to Xanadu: Public and Private Pathways on the History Web | The Journal of American History, 88.2 | The History Cooperative" . chnm.gmu.edu . George Mason University . Retrieved 2 April 2019 .
doc27	https://en.wikipedia.org/wiki/William_Lynch_speech	[5]	Cobb, W. Jelani (2004). "Is Willie Lynch's Letter Real?" . Retrieved 27 December 2012 .
doc27	https://en.wikipedia.org/wiki/William_Lynch_speech	[6]	Lynch, William, active 1712. (April 2009). The making of a slave . [Place of publication not identified]. ISBN 978-956-291-655-4 . OCLC 387059947 . {{ cite book }} :  CS1 maint: location missing publisher ( link ) CS1 maint: multiple names: authors list ( link ) CS1 maint: numeric names: authors list ( link )
doc27	https://en.wikipedia.org/wiki/William_Lynch_speech	[7]	Times, Birmingham (2015-01-22). "The Willie Lynch Letter: The Making of a Slave" . The Birmingham Times . Retrieved 2020-08-22 .
doc27	https://en.wikipedia.org/wiki/William_Lynch_speech	[8]	"The Willie Lynch Letter And The Making Of A Slave (Paperback) | Politics and Prose Bookstore" . www.politics-prose.com . Retrieved 2020-08-22 .
doc27	https://en.wikipedia.org/wiki/William_Lynch_speech	[9]	Taylor, Anne Cleëster. "Email to Samuel Winslow and Lee Bailey about researching The Narrative" . The Slave Consultant's Narrative: The life of an Urban Myth? . University of Missouri-St. Louis, Thomas Jefferson Library Reference Department. Archived from the original on 2007-08-08 . Retrieved June 21, 2008 . The publisher who gave me this wanted to remain anonymous on the gopher version because he couldn't trace it, either, and until now I've honored his wishes.
doc27	https://en.wikipedia.org/wiki/William_Lynch_speech	[10]	"Archived copy" . www.umsl.edu:80 . Archived from the original on 8 August 2007 . Retrieved 12 January 2022 . {{ cite web }} :  CS1 maint: archived copy as title ( link )
doc28	https://en.wikipedia.org/wiki/Code_of_Kalantiaw	[5],[14]	Justiniano, Maureen Cristin S. (2011). "Jose E. Marco's Kalantiaw Code: Implications for Philippine Historiography and Filipinos' Historical Consciousness" . Explorations . 11 (1): 19–30. hdl : 10125/20312 .
doc28	https://en.wikipedia.org/wiki/Code_of_Kalantiaw	[6]	Cano, Glòria (2008). "Evidence for the Deliberate Distortion of the Spanish Philippine Colonial Historical Record in "The Philippine Islands 1493–1898" " . Journal of Southeast Asian Studies . 39 (1): 1–30. doi : 10.1017/S0022463408000015 . ISSN 0022-4634 . JSTOR 20071868 . S2CID 159759508 .
doc28	https://en.wikipedia.org/wiki/Code_of_Kalantiaw	[7]	"Executive Order No. 294 s.1971: Creating a Decoration to Be Known as the Order of Kalantiao" . Government of the Philipplines. March 1, 1971 – via Official Gazette.
doc28	https://en.wikipedia.org/wiki/Code_of_Kalantiaw	[8],[11]	Scott, William Henry (1992). "Kalantiaw: The Code That Never Was". Looking for the Prehispanic Filipino and Other Essays in Philippine History: And Other Essays in Philippine History . Quezon City: New Day Publishers. ISBN 978-971-10-0524-5 .
doc28	https://en.wikipedia.org/wiki/Code_of_Kalantiaw	[9]	Scott, William Henry (1984) [first published 1968]. Prehispanic Source Materials for the Study of Philippine History (revised ed.). Quezon City: New Day Publishers. ISBN 971-10-0226-4 .
doc28	https://en.wikipedia.org/wiki/Code_of_Kalantiaw	[10]	Molina, Antonio M. (1984). Historia de Filipinas [ History of the Philippines ] (in Spanish). Madrid: Ediciones Cultura Hispánica del Instituto de Cooperación Iberoamericana. ISBN 8472323226 .
doc28	https://en.wikipedia.org/wiki/Code_of_Kalantiaw	[13]	e.g., in the 1950s and in 1968 by Mauro Garcia, a bibliographer and prominent Filipino scholar on ancient Philippine history, and by others. [12]
doc28	https://en.wikipedia.org/wiki/Code_of_Kalantiaw	[15]	"Executive Order No. 234 s.1957" (PDF) . Government of the Philipplines. February 28, 1957 – via Official Gazette.
doc30	https://en.wikipedia.org/wiki/Mathilde_Lefebvre_letter	[7]	"La bouteille du Titanic : anatomie d'un canular historique" . Veni Vidi Sensi (in French). 2022-06-21 . Retrieved 2022-07-17 .
doc30	https://en.wikipedia.org/wiki/Mathilde_Lefebvre_letter	[8]	"La lettre lancée du Titanic est-elle authentique ? Ou s'agit-il d'un vaste canular ?" . actu.fr (in French). 15 June 2021 . Retrieved 2022-07-17 .
doc30	https://en.wikipedia.org/wiki/Mathilde_Lefebvre_letter	[9]	Cole, Brendan (13 May 2021). "Truth Of Mysterious Titanic Letter May Never Be Known, Researchers Say" . Newsweek . Retrieved 11 November 2022 .
doc30	https://en.wikipedia.org/wiki/Mathilde_Lefebvre_letter	[11]	Sidhartha Banerjee (May 15, 2021). "REAL OR HOAX?: Quebec scholars probe mystery letter allegedly from Titanic passenger" . Toronto Sun . The Canadian Press.
doc30	https://en.wikipedia.org/wiki/Mathilde_Lefebvre_letter	[19]	Pilon, Françis. "La mystérieuse lettre d'une ado à bord du Titanic examinée au Québec" . Le Journal de Montréal . Retrieved 10 November 2022 .
doc30	https://en.wikipedia.org/wiki/Mathilde_Lefebvre_letter	[20]	Nabili, Idèr (2 May 2022). "Une lettre prétendument jetée à la mer par une passagère du Titanic, canular ou trésor historique ?" . TF1INFO . Retrieved 10 November 2022 .
doc30	https://en.wikipedia.org/wiki/Mathilde_Lefebvre_letter	[21]	Hausenblas, Coraline. "Lettre attribuée à Mathilde Lefebvre, passagère du Titanic. Analyse d'un canular" (PDF) . coralinehausenblas.com (in French) . Retrieved 2022-07-17 .
doc30	https://en.wikipedia.org/wiki/Mathilde_Lefebvre_letter	[22]	Bascou, Stéphanie. "La lettre de l'adolescente du Titanic, retrouvée en 2017, serait un faux" . MSN . Retrieved 10 November 2022 .
doc30	https://en.wikipedia.org/wiki/Mathilde_Lefebvre_letter	[23]	Delattre, Simon (29 April 2022). "La lettre de Mathilde, vestige du Titanic ou canular?" . Retrieved 10 November 2022 .
doc30	https://en.wikipedia.org/wiki/Mathilde_Lefebvre_letter	[24]	Barabinot, Jenna (22 April 2021). "Titanic : la lettre d'une d'adolescente nordiste, rédigée la veille du naufrage, refait surface 109 ans après" . Demotivateur . Retrieved 10 November 2022 .
doc30	https://en.wikipedia.org/wiki/Mathilde_Lefebvre_letter	[25]	"Documents d'archives Inédits..." Histoire de Marie Daumont et ses enfants . May 2021 . Retrieved 10 November 2022 .
doc30	https://en.wikipedia.org/wiki/Mathilde_Lefebvre_letter	[26]	Guilain, Anne-Claire (2021-05-13). "Bouteille à la mer du Titanic: qui peut aider les chercheurs à trouver des écrits de la Liévinoise Mathilde?" . La Voix du Nord . Retrieved 2022-11-07 .
doc30	https://en.wikipedia.org/wiki/Mathilde_Lefebvre_letter	[27]	Fourny, Marc (2022-05-03). "La bouteille à la mer du " Titanic " était un canular" . Le Point . Retrieved 2022-07-17 .
doc30	https://en.wikipedia.org/wiki/Mathilde_Lefebvre_letter	[28]	Lotterie, Manon; Resche, Antoine (2021). "Nouvelles découvertes sur la famille Lefebvre par Manon LOTTERIE et Antoine RESCHE". Association Française du Titanic.
doc30	https://en.wikipedia.org/wiki/Mathilde_Lefebvre_letter	[29]	B, Luc (2021-05-02). "Documents d'archives Inédits..." Histoire de Marie Daumont et ses enfants (in French) . Retrieved 2022-07-17 .
doc31	https://en.wikipedia.org/wiki/Mussolini_diaries	[1]	Forgery and Fraud: Literary Archived 2007-06-30 at the Wayback Machine
doc31	https://en.wikipedia.org/wiki/Mussolini_diaries	[2]	"Mussolini 'diaries' may solve war riddle" in The Guardian , 12 February 2007, [1]
doc31	https://en.wikipedia.org/wiki/Mussolini_diaries	[3]	"The true story of Mussolini's fake diaries" in L'Espresso , 16 February 2007, [2]
doc31	https://en.wikipedia.org/wiki/Mussolini_diaries	[4]	"Berlusconi cita i diari di Mussolini «Io non ho potere, i gerarchi sì» - Corriere della Sera" . Corriere della Sera . 27 May 2010.
doc31	https://en.wikipedia.org/wiki/Mussolini_diaries	[5]	Franzinelli, Mimmo (2011-04-07). Autopsia di un falso (in Italian). Bollati Boringhieri. ISBN 978-88-339-8070-6 .
doc32	https://en.wikipedia.org/wiki/My_Sister_and_I_(Nietzsche)	[1]	"Denis Dutton on the fake Nietzsche autobiography, My Sister and I " . Philosophy and Literature. 1992 . Retrieved 12 March 2012 .
doc32	https://en.wikipedia.org/wiki/My_Sister_and_I_(Nietzsche)	[3]	"Jenny Diski reviews Nietzsche's Sister's Will to Power by Carol Diethe" . London Review of Books . 25 September 2003 . Retrieved 12 March 2012 .
doc32	https://en.wikipedia.org/wiki/My_Sister_and_I_(Nietzsche)	[4]	" Nietzsche – My Sister and I: A Critical Study (book) by Walter K. Stewart on AuthorsDen" . AuthorsDen . Retrieved 12 March 2012 .
doc33	https://en.wikipedia.org/wiki/Old_High_German_lullaby	[1]	Johann Kelle, Heidelberger Jahrbücher (1860), 81-91.
doc33	https://en.wikipedia.org/wiki/Old_High_German_lullaby	[2],[7],[8],[11],[12],[13],[14]	Cyril Edwards, "The Strange Case of the Old High German Lullaby" in: The Beginnings of German Literature: Comparative and Interdisciplinary Approaches to Old High German, Camden House, 2002. 142-165.
doc33	https://en.wikipedia.org/wiki/Old_High_German_lullaby	[3]	Josef Virgil Grohmann, Ueber die Echtheit des althochdeutschen Schlummerliedes, im codex suppl. nr. 1668 der K. K. Hofbibliothek in Wien (1861)
doc33	https://en.wikipedia.org/wiki/Old_High_German_lullaby	[4]	C. A. Kletke, Ueber deutsche Dichtungen in heidnischer Zeit: insbesondere über ein im Jahre 1858 entdecktes althochdeutsches Schlummerlied, 1867.
doc33	https://en.wikipedia.org/wiki/Old_High_German_lullaby	[5]	Paul J. Diamant, "Althochdeutsches Schlummerlied: Ein Gelehrtenstreit über deutsch-jüdische Zusammenhänge im Mittelalter", Leo Baeck Institute Yearbook (1960) 5(1): 338-345.
doc33	https://en.wikipedia.org/wiki/Old_High_German_lullaby	[6],[9]	John A. Howard, "Über die Echtheit eines althochdeutschen Wiegenliedes". In: Studia Neophilologica 48 (1976), 21-35.
doc33	https://en.wikipedia.org/wiki/Old_High_German_lullaby	[10]	Heinrich Fichtenau, "Die Fälschungen Georg Zapperts", MIÖG 78 (1970), 444ff (reprinted in Beiträge zur Mediävistik I, Stuttgart 1975).
doc34	https://en.wikipedia.org/wiki/A_Protocol_of_1919	[2]	"Vene enamlust juhib juutide üleilmne salaliit". Postimees . 31 December 1919. Issue 290. p.1 - Digitized Estonian Newspapers
doc34	https://en.wikipedia.org/wiki/A_Protocol_of_1919	[3]	The Protocols of the Meetings of the Learned Elders of Zion – with Preface and Explanatory Notes (trans. Victor E. Marsden ). Chicago: The Patriotic Publishing Co. 1934. Hosted online Archived 29 July 2014 at the Wayback Machine by David Dickerson, Institute for Global Communications.
doc34	https://en.wikipedia.org/wiki/A_Protocol_of_1919	[4]	Laqueur, Walter (1965). Russia and Germany: A Century of Conflict . Transaction Publishers. p. 131. ISBN 0887383491 .
doc35	https://en.wikipedia.org/wiki/The_Report_from_Iron_Mountain	[2]	Kifner, John (January 30, 1999). "L. C. Lewin, Writer of Satire Of Government Plot, Dies at 82" . The New York Times . p. A.11. Archived from the original on January 28, 2017 . Retrieved February 13, 2017 .
doc35	https://en.wikipedia.org/wiki/The_Report_from_Iron_Mountain	[5]	Leonard Lewin, "Report From Iron Mountain, 'The Guest Word'" Archived 2008-11-22 at the Wayback Machine , The New York Times Book Review , March 19, 1972
doc35	https://en.wikipedia.org/wiki/The_Report_from_Iron_Mountain	[6]	Navasky, Victor (2015). "E.L. Doctorow, 1931-2015" . The Nation . 301 (7&8): 4. Archived from the original on August 12, 2015 . Retrieved August 11, 2015 .
doc35	https://en.wikipedia.org/wiki/The_Report_from_Iron_Mountain	[7]	"News of War and Peace You're Not Ready For", by Herschel McLandress . Book World, in The Washington Post , November 26, 1967, p. 5.
doc35	https://en.wikipedia.org/wiki/The_Report_from_Iron_Mountain	[8]	"The Times Diary", The Times , February 5, 1968, p. 8.
doc35	https://en.wikipedia.org/wiki/The_Report_from_Iron_Mountain	[9]	"Gailbraith Says He Was Misquoted", The Times , February 6, 1968, p. 3.
doc35	https://en.wikipedia.org/wiki/The_Report_from_Iron_Mountain	[10]	"Touche, Professor", The Times , February 12, 1968, p. 8.
doc35	https://en.wikipedia.org/wiki/The_Report_from_Iron_Mountain	[11]	Navasky, Victor (November 15, 2013). "Conspiracy Theory Is a Hoax Gone Wrong" . New York Magazine . Retrieved June 26, 2021 .
doc36	https://en.wikipedia.org/wiki/Chronicle_of_Rivius	[1]	Dubonis, Artūras (2000). "The Case of the chronicle of Rivius" . Lithuanian Historical Studies . 5 : 7–18. doi : 10.30965/25386565-00501001 . ISSN 1392-2343 . S2CID 224054852 .
doc36	https://en.wikipedia.org/wiki/Chronicle_of_Rivius	[2]	Dubonis, Artūras (1–6 June 1997). "Dėl Rivijaus kronikos autentiškumo" . Voruta (in Lithuanian). 21 (303): 12–13. ISSN 1392-0677 .
doc37	https://en.wikipedia.org/wiki/Chronicles_of_Eri 	[1]	Webb, Alfred John (1878). A Compendium of Irish Biography: Comprising Sketches of Distinguished Irishmen, and of Eminent Persons Connected with Ireland by Office Or by Their Writings . Dublin: M.H. Gill & son. p. 383 . OCLC 122693688 .
doc37	https://en.wikipedia.org/wiki/Chronicles_of_Eri 	[3]	Prendergast, John P. (January 1884). "Dangan and Roger O'Connor". The Irish Monthly . 12 (127): 35–47. JSTOR 20497088 .
doc37	https://en.wikipedia.org/wiki/Chronicles_of_Eri 	[4]	Holdings: A roll bearing lettering stated by Roger O'Connor in his Chronicles of Eri to be the laws of Eri in the Phoenician dialect of the Scythian language. , National Library of Ireland
doc37	https://en.wikipedia.org/wiki/Chronicles_of_Eri 	[5]	R. A. Stewart Macalister , Review: The Chronicles of Eri (The Ancient Irish: Who They Were, and Their Connections with the Coronation Stone) by F. T. Perry , Irish Historical Studies Vol 2, No 7, March 1941 OCLC 5557120402
doc38	https://en.wikipedia.org/wiki/Clotilde_de_Surville	[5]	Chisholm, Hugh , ed. (1911). " Surville, Clotilde de ". Encyclopædia Britannica . Vol. 26 (11th ed.). Cambridge University Press. p. 161.
doc39	https://en.wikipedia.org/wiki/Marquise_de_Cr%C3%A9quy	[2]	Chisholm, Hugh , ed. (1911). " Créquy, Renée Caroline de Froullay, Marquise de ". Encyclopædia Britannica . Vol. 7 (11th ed.). Cambridge University Press. pp. 410–411.
doc39	https://en.wikipedia.org/wiki/Marquise_de_Cr%C3%A9quy	[3]	"Chap. IV: Souvenirs de mme de Créquy" . penelope.uchicago.edu .
doc40	https://en.wikipedia.org/wiki/Amado_Crowley	[1]	Evans (2007), pp. 230-231
doc40	https://en.wikipedia.org/wiki/Amado_Crowley	[2]	Evans (2007), p. 240
doc40	https://en.wikipedia.org/wiki/Amado_Crowley	[3]	Crowley, Amado (1991). The Secrets of Aleister Crowley . Diamond Books. ISBN 0-9517528-0-4 .
doc40	https://en.wikipedia.org/wiki/Amado_Crowley	[4]	Howard, Mike. "Gerald Gardner: The Man, the Myth & the Magick" . The Wica . Archived from the original on 18 June 2010 . Retrieved 2010-06-04 .
doc40	https://en.wikipedia.org/wiki/Amado_Crowley	[5]	Evans (2007), p. 232
doc40	https://en.wikipedia.org/wiki/Amado_Crowley	[6]	Crowley, Amado (2002). Liber Alba: The Questions Most Often Asked of an Occult Master . Twicen Books. p. 160. ISBN 978-0954313906 .
doc40	https://en.wikipedia.org/wiki/Amado_Crowley	[7]	Gerald Suster, book review. Online version Archived 2008-10-19 at the Wayback Machine retrieved 26 January 2008.
doc41	https://en.wikipedia.org/wiki/Crying_Wind	[1]	Kievit, Joyce Ann.  "Crying Wind" in Native American Women: A Biographical Dictionary , p. 79 (Bataille and Lisa, eds., Routledge , 2001).
doc41	https://en.wikipedia.org/wiki/Crying_Wind	[2]	"'Crying Wind' is Back, but Not as a Biography This Time". Christianity Today , v. 25, p. 44 (January 23, 1981).
doc41	https://en.wikipedia.org/wiki/Crying_Wind	[3]	Veach, Tucker. "A Remarkable Life" The Times-News , p. 1 (April 20, 1978).
doc41	https://en.wikipedia.org/wiki/Crying_Wind	[4]	Uttley, Jim. "Native American World Indian Life Books Publishes Three New Titles" Archived 2011-09-29 at the Wayback Machine , ASSIST News Service (November 23, 2010).
doc41	https://en.wikipedia.org/wiki/Crying_Wind	[5]	Uttley, Jim. "NATIVE AMERICAN WORLD: Intertribal Christian Communications celebrates 30th anniversary" Archived 2014-04-16 at the Wayback Machine , ASSIST News Service (October 26, 2009).
doc42	https://en.wikipedia.org/wiki/The_Dark_Tower_(Lewis_novel)	[7]	Lindskoog, Kathryn. Light in the Shadowlands: Protecting the Real C. S. Lewis . Multnomah Publishers, 1994. ISBN 0-88070-695-3 [ page needed ]
doc42	https://en.wikipedia.org/wiki/The_Dark_Tower_(Lewis_novel)	[8]	Lindskoog, Kathryn. The C. S. Lewis Hoax . Multnomah Publishers, 1988. ISBN 0-88070-258-3 [ page needed ]
doc42	https://en.wikipedia.org/wiki/The_Dark_Tower_(Lewis_novel)	[9]	Wheatfield, Margaret "Tolkien and C.S. Lewis Revisited" in Evangelia Kaplanova (ed.), "A Retrospective View of Twentieth Century Science Fiction and Fantasy Writings" (Essay collection published in Russian, Moscow 2002, Wheatfield article appearing in both English and Russian)
doc42	https://en.wikipedia.org/wiki/The_Dark_Tower_(Lewis_novel)	[10]	Poe, Harry Lee, "Shedding Light on the Dark Tower" Christianity Today , 2 February 2007
doc42	https://en.wikipedia.org/wiki/The_Dark_Tower_(Lewis_novel)	[11]	Jones, Carla Faust (1989). "The Literary Detective Computer Analysis of Stylistic Differences Between "The Dark Tower" and C.S. Lewis' Deep Space Trilogy" . Mythlore . 15 (3): 11–15. JSTOR 26812321 .
doc42	https://en.wikipedia.org/wiki/The_Dark_Tower_(Lewis_novel)	[12]	Thompson, Jeffrey R.; Rasp, John (2009). "Did C. S. Lewis write The Dark Tower?: An Examination of the Small-Sample Properties of the Thisted-Efron Tests of Authorship" (PDF) . Austrian Journal of Statistics . 38 (2): 71-82. doi : 10.17713/ajs.v38i2.262 .
doc43	https://en.wikipedia.org/wiki/The_Description_of_Britain	[1]	Bertramus, Carolus [Charles Bertram] (1757) [Composed a. 1749, actually printed 1758], "Ricardi Corinensis Monachi Westmonasteriensis De Situ Britanniæ Libri Duo" [The Two Books on the State of Britain of Richard the Cirencestrian, Westminsterian monk], Britannicarum Gentium Historiæ Antiquæ Scriptores Tres: Richardus Corinensis, Gildas Badonicus, Nennius Banchorensis [Three Authors of the Ancient History of the Britannic People: Richard the Cirencestrian, Gildas the Badonic, Nennius the Bangorian] (in Latin), Copenhagen: Ludolph Henrich Lillie for the author, pp. 1–60
doc43	https://en.wikipedia.org/wiki/The_Description_of_Britain	[8]	Barker, Nicolas (1990), "Rewriting History: 44. Charles Bertram and 'Richard of Cirencester's' map of Roman Britain", Fake? The Art of Deception, Berkeley: University of California Press, ISBN 978-0-520-07087-5
doc43	https://en.wikipedia.org/wiki/The_Description_of_Britain	[9]	Stukeley, William (1757) [Read at the Antiquarian Society 18 March 1756], An Account of Richard of Cirencester, Monk of Westminster, and of his Works: with his Antient Map of Roman Brittain; and the Itinerary thereof, London: Richard Hett for Charles Corbet
doc43	https://en.wikipedia.org/wiki/The_Description_of_Britain	[17]	Claudius Ptolemy (1843) [Composed c. 150], "Βιβλίον Βʹ, Κεφ. γʹ: Ἀλουίωνος νήσου Βρετανικῆς θέσις" [Biblíon II, Keph. iii: Alouíōnos nēsou Bretanikēs thésis, Book II, Ch. iii: A Description of the Britannic Isle of Albion], in Nobbe, K.F.A. (ed.), Γεωγραφικῆς Ὑφηγήσεως [Geōgraphikēs Hyphēgēseōs, The Geography], Leipzig: Karl Tauchnitz
doc43	https://en.wikipedia.org/wiki/The_Description_of_Britain	[18]	Claudius Ptolemy (2012) [Composed c. 150], On the British Isles: Ptolemy, Translated by J.A. Hogan, Sterling: eTOME, retrieved 2 March 2015
doc43	https://en.wikipedia.org/wiki/The_Description_of_Britain	[19],[21],23,[24]	Wilson, Daniel (1869), "Ricardus Corinensis: A Literary Masking of the Eighteenth Century", The Canadian Journal of Science, Literature and History, vol. XII, Toronto: Copp, Clark, & Co. (published 1870), pp. 177–206
doc43	https://en.wikipedia.org/wiki/The_Description_of_Britain	[20]	Wex, Friedrich Karl (1846), "Über Ricardus Corinensis", Rheinisches Museum für Philologie [Rhenish Museum of Philology] (in German), vol. 4, pp. 346–353
doc43	https://en.wikipedia.org/wiki/The_Description_of_Britain	[22]	Cave, Edward, ed. (October 1846), "Mr. Wex's dissertation on Richard of Cirencester", The Gentleman's Magazine, vol. XXVI, London: J.B. Nichols & Son, pp. 365–369
doc43	https://en.wikipedia.org/wiki/The_Description_of_Britain	[25]	Mullinger, James Bass (1911), "Richard of Cirencester" , in Chisholm, Hugh (ed.), Encyclopædia Britannica, vol. 23 (11th ed.), Cambridge University Press, pp. 297–298
doc43	https://en.wikipedia.org/wiki/The_Description_of_Britain	[26]	Mayor, John E.B., ed. (1869), "Preface: The De Situ", Speculum Historiale de Gestis Regum Angliae [A Historial Mirror of the Deeds of the Kings of England] (PDF), Rolls Series №30, vol. II, London: Longmans, Green, & Co., pp. xvii–clxiv
doc43	https://en.wikipedia.org/wiki/The_Description_of_Britain	[27]	Chisholm, Hugh, ed. (1911), "Bertram, Charles" , Encyclopædia Britannica, vol. 3 (11th ed.), Cambridge University Press, pp. 813–814
doc43	https://en.wikipedia.org/wiki/The_Description_of_Britain	[28],[29],[30]	Reynolds, Thomas (1799), Iter Britanniarum; or That Part of the Itinerary of Antoninus Which Relates to Britain, with a New Comment, Cambridge: J. Surges
doc43	https://en.wikipedia.org/wiki/The_Description_of_Britain	[31],[32],[33],[34],[37]	Woodward, Bernard Bolingbroke (March 1866a), "A Literary Forgery: Richard of Cirencester's Tractate on Britain", in Cave, Edward (ed.), The Gentleman's Magazine, vol. I (New Series), London: Bradbury, Evans, & Co., pp. 301–307
doc43	https://en.wikipedia.org/wiki/The_Description_of_Britain	[35]	Farrer, James Anson (1907), "Bertram: The Pausanias of Britain", Literary Forgeries, New York: Longmans, Green, and Co., pp. 26–38
doc43	https://en.wikipedia.org/wiki/The_Description_of_Britain	[36]	Mayor, John E.B., ed. (1869), "Preface: The De Situ", Speculum Historiale de Gestis Regum Angliae [A Historial Mirror of the Deeds of the Kings of England] (PDF), Rolls Series №30, vol. II, London: Longmans, Green, & Co., pp. xvii–clxiv
doc43	https://en.wikipedia.org/wiki/The_Description_of_Britain	[38]	Codrington, Thomas (1903). Codrington's Roman Roads in Britain — Chapter 1. London: Society for Promoting Christian Knowledge.
doc44	https://en.wikipedia.org/wiki/Nummius_Aemilianus_Dexter	[6]	Garrido Valls, David (2016), “Omnimoda Historia”. Encyclopedia of the Medieval Chronicle. Brill Online.
doc44	https://en.wikipedia.org/wiki/Nummius_Aemilianus_Dexter	[7]	Drayson, Elizabeth (2007). The king and the whore : King Roderick and La Cava. New York: Palgrave Macmillan. p. 53. ISBN 978-0-230-60881-8. OCLC 314766480.
doc44	https://en.wikipedia.org/wiki/Nummius_Aemilianus_Dexter	[8]	Roberto González Echevarría (editor), Cervantes' Don Quixote: A Casebook (2005), p. 151.
doc44	https://en.wikipedia.org/wiki/Nummius_Aemilianus_Dexter	[9]	Pearse, Roger (2004). "Dionysius the Areopagite, Works (1897) pp.ix-xvi.: Preface to the Divine Names". The Tertullian Project. Roger Pearse. Retrieved 2021-02-21.
doc44	https://en.wikipedia.org/wiki/Nummius_Aemilianus_Dexter	[10]	Migne, Jacques-Paul (1846). Patrologiae Cursus Completus (in Latin). Garnier, editores et J.-P. Migne successores, excudebat Sirou.
doc44	https://en.wikipedia.org/wiki/Nummius_Aemilianus_Dexter	[11]	"Flavius Lucius Dexter (cps2)". Corpus Corporum. Universität Zürich (UZH). Retrieved 2021-02-21.
doc44	https://en.wikipedia.org/wiki/Nummius_Aemilianus_Dexter	[12]	van Hoof, Lieve and Peter Van Nuffelen (2020). The Fragmentary Latin Histories of Late Antiquity (AD 300-620): Edition, Translation and Commentary. Cambridge University Press. ISBN 9781108420273.
doc45	https://en.wikipedia.org/wiki/The_English_Mercurie	[2]	Raymond, Joad (1998) "Introduction: Newspapers, forgeries, and histories", Prose Studies , 21: 2, 1–11
doc45	https://en.wikipedia.org/wiki/The_English_Mercurie	[3]	Chalmers, George (1794) The Life of Thomas Ruddiman (available at Google Books )
doc45	https://en.wikipedia.org/wiki/The_English_Mercurie	[4]	Chisholm, Hugh , ed. (1911). "Newspapers" . Encyclopædia Britannica . Vol. 19 (11th ed.). Cambridge University Press. pp. 544–581 [552]. Early newspapers...& ...It was at one time believed that the earliest regular English newspaper was an English Mercurie of 1588...
doc45	https://en.wikipedia.org/wiki/The_English_Mercurie	[5]	"Elizabeth's Pirates" . 6 October 2011. Archived from the original on 6 October 2011. {{ cite web }} :  CS1 maint: bot: original URL status unknown ( link )
doc45	https://en.wikipedia.org/wiki/The_English_Mercurie	[6]	Drake, Francis (31 March 1588). The English mercurie . C. Barker – via National Library of Australia (new catalog).
doc46	https://en.wikipedia.org/wiki/Fei_hua_qing_han	[3]	《反日一族擺李白上枱》 Apple Daily , 5 October 2006
doc48	https://en.wikipedia.org/wiki/Franklin_Prophecy	[1]	Afsai, Shai (March 8, 2021). " How Ben Franklin Was Turned Into an Antisemite ." JewThink .
doc48	https://en.wikipedia.org/wiki/Franklin_Prophecy	[2]	"The Franklin "Prophecy": Modern Anti-Semitic Myth Making" , Facts . Anti-Defamation League. April–May 1954. Retrieved January 20, 2008. Archived June 7, 2007, at the Wayback Machine
doc48	https://en.wikipedia.org/wiki/Franklin_Prophecy	[3]	Benjamin Franklin vindicated: an exposure of the Franklin "prophecy" by American Jewish Congress , 1938, p. 9-10 via Archive.org
doc48	https://en.wikipedia.org/wiki/Franklin_Prophecy	[4]	Anti-Semitism in Europe: Hearing Before the Subcommittee on European Affairs of the Committee on Foreign Relations . United States Congress. Senate. Committee on Foreign Relations. Subcommittee on European Affairs. 2004. p. 69.
doc48	https://en.wikipedia.org/wiki/Franklin_Prophecy	[5]	"Our History" Archived June 15, 2018, at the Wayback Machine . Mikveh Israel. Retrieved January 20, 2008.
doc48	https://en.wikipedia.org/wiki/Franklin_Prophecy	[6]	"To Bigotry, No Sanction" . Snopes. March 19, 2011.
doc48	https://en.wikipedia.org/wiki/Franklin_Prophecy	[7]	Hirschfeld, Fritz (2005). George Washington and the Jews . University of Delaware Press. p. 15. ISBN 978-0-87413-927-3 . Retrieved January 31, 2006 .
doc48	https://en.wikipedia.org/wiki/Franklin_Prophecy	[8]	"The Franklin 'Prophecy': American Anti-Semitic Myth Finds Acceptance in Arab World" Archived 2013-01-16 at the Wayback Machine , Anti-Defamation League. March 20, 2002.
doc48	https://en.wikipedia.org/wiki/Franklin_Prophecy	[9]	bin Laden, Osama (November 24, 2002). "Full text: bin Laden's 'letter to America' " . The Guardian . Archived from the original on October 8, 2014 . Retrieved September 3, 2011 .
doc50	https://en.wikipedia.org/wiki/Historia_Augusta	[12]	Browning, Robert (1983). "Biography". In Kenney, E. J.; Clausen, Wendell Vernon; Cameron, Averil (eds.). The Cambridge History of Classical Literature: Volume 2, Latin Literature, Part 5, The Later Principate . Vol. 2. Cambridge University Press. pp. 41–50. ISBN 978-0-521-27371-8 .
doc50	https://en.wikipedia.org/wiki/Historia_Augusta	[18],[20],[39],[40],[41],[52],[56],[84],[99],[135],[137],[148],[149],[151]	Birley, Anthony (1988). Lives of the Later Caesars . United Kingdom: Penguin. ISBN 978-0-14-193599-7 .
doc50	https://en.wikipedia.org/wiki/Historia_Augusta	[19],[21],[87],[94],[145]	Magie, David (1921). The Historia Augusta . London & Harvard: Loeb Classical Library .
doc50	https://en.wikipedia.org/wiki/Historia_Augusta	[22],[24],[50],[51],[54],[55],[112],[114],[121],[124],[147]	Syme, Ronald (1971). Emperors and Biography: studies in the 'Historia Augusta' . United Kingdom: Clarendon Press. ISBN 978-0198143574 .
doc50	https://en.wikipedia.org/wiki/Historia_Augusta	[23],[28],[46],[143]	Birley, Anthony (2006). "Rewriting second- and third-century history in late antique Rome: the Historia Augusta" . Classica . 19 n.1. Brazil: Belo Horizonte.
doc50	https://en.wikipedia.org/wiki/Historia_Augusta	[25],[35],[36],[37]	Momigliano, Arnaldo (1984). Secondo Contributo Alla Storia Degli Studi Classici . Ed. di Storia e Letteratura.
doc50	https://en.wikipedia.org/wiki/Historia_Augusta	[26]	Baynes, Norman Hepburn (1926). The Historia Augusta. Its Date and Purpose . Oxford: U.M.I.
doc50	https://en.wikipedia.org/wiki/Historia_Augusta	[27]	Hornblower, Simon; Spawforth, Antony; Eidinow, Esther (2012). The Oxford Classical Dictionary . Oxford: Oxford University Press. ISBN 978-0-19-954556-8 .
doc50	https://en.wikipedia.org/wiki/Historia_Augusta	[29],[53],[92],[93],[103],[105],[122],[136],[138],[139],[140],[141],[142]	Syme, Ronald (1983). Historia Augusta Papers . United Kingdom: Clarendon Press. ISBN 978-0-19-814853-1 .
doc50	https://en.wikipedia.org/wiki/Historia_Augusta	[30],[42],[44],[45],[47],[48],[74],[91],[97],[150],[152]	Rohrbacher, David (2016). The Play of Allusion in the Historia Augusta . Wisconsin: University of Wisconsin Press. ISBN 978-0-299-30604-5 .
doc50	https://en.wikipedia.org/wiki/Historia_Augusta	[31]	Momigliano, Arnaldo (1954). "An Unsolved Problem of Historical Forgery: The Scriptores Historiae Augustae". Journal of the Warburg and Courtauld Institutes . 17 (1/2). Oxford: 22–46. doi : 10.2307/750131 . JSTOR 750131 . S2CID 195057185 .
doc50	https://en.wikipedia.org/wiki/Historia_Augusta	[32]	Momigliano, Arnaldo (1969). "Review: Ammianus and the Historia Augusta by Ronald Syme". The English Historical Review . 84 (332): 566–569. doi : 10.1093/ehr/LXXXIV.CCCXXXII.566 . JSTOR 562486 .
doc50	https://en.wikipedia.org/wiki/Historia_Augusta	[33]	Momigliano, Arnaldo (1973). "Review: Emperors and Biography. Studies in the Historia Augusta by Ronald Syme". The English Historical Review . 88 (346): 114–115. doi : 10.1093/ehr/LXXXVIII.CCCXLVI.114 . JSTOR 562570 .
doc50	https://en.wikipedia.org/wiki/Historia_Augusta	[34]	Jones, Arnold Hugh Martin (1986). The Later Roman Empire 284–602, Vol 2 . Oxford: Taylor & Francis. ISBN 978-0-8018-3354-0 .
doc50	https://en.wikipedia.org/wiki/Historia_Augusta	[38]	Cameron, Alan (2010). The Last Pagans of Rome . Oxford: Oxford University Press. ISBN 978-0-19-978091-4 .
doc50	https://en.wikipedia.org/wiki/Historia_Augusta	[43],[115],[119]	Den Hengst, Daniel (2010). Emperors and Historiography . Brill. ISBN 978-90-04-17438-2 .
doc50	https://en.wikipedia.org/wiki/Historia_Augusta	[49]	Prickman, Greg (2013). "Ninth Century – The Text" in The Atlas of Early Printing . Archived from the original on 2014-08-10 . Retrieved 2013-08-31 – via University Archives at the University of Iowa Libraries.
doc50	https://en.wikipedia.org/wiki/Historia_Augusta	[57],[58],[71],[96],[98],[144]	Rohrbacher, David (2013). "The Sources of the Historia Augusta Re-examined" (PDF) . Histos . 7 .
doc50	https://en.wikipedia.org/wiki/Historia_Augusta	[75],[79]	Bray, John Jefferson (1997). Gallienus: A Study in Reformist and Sexual Politics . Wakefield Press. ISBN 978-1-86254-337-9 .
doc50	https://en.wikipedia.org/wiki/Historia_Augusta	[76],[78]	Gibbon, Edward (1776). Decline and Fall of the Roman Empire, Vol I .
doc50	https://en.wikipedia.org/wiki/Historia_Augusta	[77],[81],[82],[100],[104],[113],[116],[125],[126],[127],[130],[131]	Anonymous (c. 395). Historia Augusta [ Augustan History ] (in Latin).
doc50	https://en.wikipedia.org/wiki/Historia_Augusta	[80]	Mellor, Ronald (2002). The Roman Historians . Routledge. ISBN 978-1-134-81652-1 .
doc50	https://en.wikipedia.org/wiki/Historia_Augusta	[85],[89]	Potter, David (2005). Literary Texts and the Roman Historian . Routledge. ISBN 978-1-134-96233-4 .
doc50	https://en.wikipedia.org/wiki/Historia_Augusta	[86]	Campbell, Brian (1994). The Roman Army, 31 BC-AD 337: A Sourcebook . Routledge. ISBN 978-1-134-90940-7 .
doc50	https://en.wikipedia.org/wiki/Historia_Augusta	[88]	Mehl, Andreas (2011). Roman Historiography . London: John Wiley & Sons. ISBN 978-1-4051-2183-5 .
doc50	https://en.wikipedia.org/wiki/Historia_Augusta	[90]	Hadas, Moses (2013). A History of Latin Literature . Columbia University Press. ISBN 978-0-231-51487-3 .
doc50	https://en.wikipedia.org/wiki/Historia_Augusta	[95],[101],[111],[132]	Syme, Ronald (1968). Ammianus and the Historia Augusta . United Kingdom: Clarendon Press. ISBN 978-0-19-814344-4 .
doc50	https://en.wikipedia.org/wiki/Historia_Augusta	[102]	Birley, Anthony (1966). "Two Names in the Historia Augusta". Historia: Zeitschrift für Alte Geschichte . 15 (2). Germany: Franz Steiner Verlag: 249–253. JSTOR 4434928 .
doc50	https://en.wikipedia.org/wiki/Historia_Augusta	[106]	Baldwin, Barry (1981). "Acclamations in the Historia Augusta ". Athenaeum . 59 . Italy: Pavia: 138–149.
doc50	https://en.wikipedia.org/wiki/Historia_Augusta	[107]	Molinier-Arbo, Agnès (2010). "Les documents d'archives dans la Vita Commodi : degré zéro de l'histoire ou fiction" . Dialogues d'Histoire Ancienne . suppl. 4.1. France: Persée: 87–112. doi : 10.3406/dha.2010.3344 .
doc50	https://en.wikipedia.org/wiki/Historia_Augusta	[108]	Raschke, Manfred (1976). New Studies in Roman Commerce with the East (PDF) . Vol. 9. W. de Gruyter. ISBN 978-3-11-007175-7 .
doc50	https://en.wikipedia.org/wiki/Historia_Augusta	[109]	Habelt, Rudolf (1968). Bonner Historia-Augusta-Colloquium, Volume 4 . Rudolf Habelt Verlag.
doc50	https://en.wikipedia.org/wiki/Historia_Augusta	[110]	Birley, Anthony (2013). Hadrian: The Restless Emperor . Roman imperial biographies. Routledge. ISBN 978-1-135-95226-6 .
doc50	https://en.wikipedia.org/wiki/Historia_Augusta	[117]	Bunson, Matthew (1991). A Dictionary of the Roman Empire . Oxford: Oxford University Press.
doc50	https://en.wikipedia.org/wiki/Historia_Augusta	[118]	Cancik, Hubert; Schneider, Helmuth; Salazar, Christine (2009). Brill's New Pauly: Encyclopaedia of the Ancient World. Antiquity . Vol. 14. Holland: Brill. ISBN 978-90-04-14219-0 .
doc50	https://en.wikipedia.org/wiki/Historia_Augusta	[120]	Kreucher, G (2003). Der Kaiser Marcus Aurelius Probus und seine Zeit . Wiesbaden, Germany: Franz Steiner Verlag. ISBN 978-3-515-08382-9 .
doc50	https://en.wikipedia.org/wiki/Historia_Augusta	[123]	Baldwin, Barry (1984). Studies on Late Roman and Byzantine History, Literature, and Language . Volume 12 of London studies in classical philology. Brill Academic Publishing. ISBN 978-90-70265-56-4 .
doc50	https://en.wikipedia.org/wiki/Historia_Augusta	[128]	Barnes, Timothy (1978). The Sources of the Historia Augusta . Latomus. ISBN 978-2-87031-005-2 .
doc50	https://en.wikipedia.org/wiki/Historia_Augusta	[129]	Den Boeft, Jan; Drijvers, Jan Willem; Den Hengst, Daniël; Teitler, Hans (2013). Philological and Historical Commentary on Ammianus Marcellinus XXIX . Brill. ISBN 978-90-04-26787-9 .
doc50	https://en.wikipedia.org/wiki/Historia_Augusta	[133]	Claudian (1922). Claudian on LacusCurtius . Translated by Platnauer, Maurice. Harvard: Harvard University Press.
doc50	https://en.wikipedia.org/wiki/Historia_Augusta	[134]	Jones, Arnold Hugh Martin; Martindale, John Robert; Morris, John (1971). The Prosopography of the Later Roman Empire, Vol. I (A.D. 260–395) . Cambridge University Press. ISBN 978-0-521-07233-5 .
doc50	https://en.wikipedia.org/wiki/Historia_Augusta	[146]	Laistner, M. W. L. (1966). The Greater Roman Historians . University of California Press.
doc51	https://en.wikipedia.org/wiki/Hitler_Diaries	[88],[90],[92],[95],[96],[99],[101],[103],[106],[108],[109],[111],[117],[118],[119],[120],[122],[123],[125],[126],[127],[129]	Harris, Robert (1991) [1986]. Selling Hitler . London: Faber and Faber. ISBN 978-0-571-14726-7 .
doc51	https://en.wikipedia.org/wiki/Hitler_Diaries	[91]	Beck, Melinda; Westerman, Maks; Smith, Vern E.; Malamud, Phyllis (2 May 1983). "Hitler's Secret Diaries; Are They Genuine?". Newsweek . p. 54.
doc51	https://en.wikipedia.org/wiki/Hitler_Diaries	[93],[94],[100],[104]	Hamilton, Charles (1991). The Hitler Diaries . Lexington, KY: The University Press of Kentucky. ISBN 978-0-8131-1739-3 .
doc51	https://en.wikipedia.org/wiki/Hitler_Diaries	[97],[110]	Williams, Robert C. (2015). The Forensic Historian: Using Science to Reexamine the Past . Abingdon, Oxon: Routledge. ISBN 978-1-317-45680-3 .
doc51	https://en.wikipedia.org/wiki/Hitler_Diaries	[98]	Trevor-Roper, Hugh (23 April 1983). "Secrets That Survived the Bunker". The Times . London. p. 8.
doc51	https://en.wikipedia.org/wiki/Hitler_Diaries	[102]	Weinberg, Gerhard (2 May 1983). "A Scholar's Appraisal" . Newsweek . p. 57.
doc51	https://en.wikipedia.org/wiki/Hitler_Diaries	[105]	Rentschler, Eric (Autumn 2003). "The Fascination of a Fake: The Hitler Diaries". New German Critique (90). Durham, NC: Duke University Press: 177–92. doi : 10.2307/3211115 . JSTOR 3211115 .
doc51	https://en.wikipedia.org/wiki/Hitler_Diaries	[107]	Vinocur, John (26 April 1983). "The Hitler diaries: Rewriting history?" . Pittsburgh Post-Gazette . p. 1. Archived from the original on 13 May 2016.
doc51	https://en.wikipedia.org/wiki/Hitler_Diaries	[112]	Schmidt, Felix (25 April 2013). "Ich übernehme jetzt die Gesamtverantwortung" . Die Zeit (in German). Hamburg. Archived from the original on 28 February 2015.
doc51	https://en.wikipedia.org/wiki/Hitler_Diaries	[113]	Binyon, Michael (26 April 1983). "Historians call for deeper scrutiny of Hitler diaries". The Times . London. p. 1.
doc51	https://en.wikipedia.org/wiki/Hitler_Diaries	[114]	"Lord Dacre Thinks Again". The Guardian . London. 26 April 1983. p. 10.
doc51	https://en.wikipedia.org/wiki/Hitler_Diaries	[115]	Blake, Ian; Tomforde, Anna (26 April 1983). "Lord Dacre Unsure on 'Hitler Diaries' ". The Guardian . London. p. 30.
doc51	https://en.wikipedia.org/wiki/Hitler_Diaries	[116]	Binyon, Michael (26 April 1983). "Hubbub at Conference on Hitler Diaries". The Times . London. p. 34.
doc51	https://en.wikipedia.org/wiki/Hitler_Diaries	[121]	"Why I Believe in the Diaries". The Times . London. 2 May 1983. p. 1.
doc51	https://en.wikipedia.org/wiki/Hitler_Diaries	[124]	Schmidt, Felix (25 April 2013). "Eine 'plumpe Fälschung' " . Die Zeit (in German). Hamburg. Archived from the original on 28 February 2015.
doc51	https://en.wikipedia.org/wiki/Hitler_Diaries	[128]	Rendell, Kenneth W. (1994). Forging History: The Detection of Fake Letters and Documents . Norman, OK: University of Oklahoma Press. ISBN 978-0-8061-2636-4 .
doc52	https://en.wikipedia.org/wiki/Hotsuma_Tsutae	[1]	Yoshinosuke Matsumoto hotsuma tutahe - himerareta nihon kodaisi ( ホツマツタヘ―秘められた日本古代史 ) The Mainichi Newspapers Co., Ltd (1980/07) ISBN 4-620-30724-6 ISBN 978-4620307244 - Public appars.
doc52	https://en.wikipedia.org/wiki/Hotsuma_Tsutae	[2]	Yoshinosuke Matsumoto (Author), Andrew Driver (Translator) The Hotsuma Legends: Paths of the Ancestors. Japan Translation Center, LTD. (1999) ISBN 4931326013 ISBN 978-4-931326-01-9 - Translated.
doc54	https://en.wikipedia.org/wiki/Ireland_Shakespeare_forgeries	[6]	William Henry Ireland, Authentic Account of the Shakespearian MSS, 1796. Text at Wikisource. Page images at Google.
doc54	https://en.wikipedia.org/wiki/Ireland_Shakespeare_forgeries	[7]	Samuel Schoenbaum, "Part Three: Edmond Malone" chapters VII through XI, in Shakespeare's Lives, New York, 1970.
doc54	https://en.wikipedia.org/wiki/Ireland_Shakespeare_forgeries	[8], [11]	John Mair, The Fourth Forger, New York, 1939.
doc54	https://en.wikipedia.org/wiki/Ireland_Shakespeare_forgeries	[9]	Jeffrey Kahan, Reforging Shakespeare: The Story of a Theatrical Scandal, 1998, Bethlehem London, Lehigh University Press; Associated University Presses. ISBN 0-934223-55-6.
doc54	https://en.wikipedia.org/wiki/Ireland_Shakespeare_forgeries	[10]	Bernard Grebanier, The Great Shakespeare Forgery, 1965.
doc54	https://en.wikipedia.org/wiki/Ireland_Shakespeare_forgeries	[12], [14], [35]	William Henry Ireland, Confessions, 1805.
doc54	https://en.wikipedia.org/wiki/Ireland_Shakespeare_forgeries	[13]	Text from Samuel Ireland, Miscellaneous Papers and Legal Instruments under the Hand and Seal of William Shakspeare , 1796.
doc54	https://en.wikipedia.org/wiki/Ireland_Shakespeare_forgeries	[15]	William Henry Ireland, Authentic Account of the Shakespearian MSS, 1796 (https://en.wikisource.org/wiki/Authentic_Account_of_the_Shaksperian_Manuscripts)
doc54	https://en.wikipedia.org/wiki/Ireland_Shakespeare_forgeries	[16], [33]	Edmond Malone, An Inquiry into the Authenticity of Certain Miscellaneous Papers and Legal Instruments, London, 30 March 1796.
doc54	https://en.wikipedia.org/wiki/Ireland_Shakespeare_forgeries	[34]	Joseph Farington, diary entry for 2 April 1796, in the Farington Diary (London 1922–28), p. 145; James Anson Farrer , Literary Forgeries (London, 1907), pp. 226–232.
doc54	https://en.wikipedia.org/wiki/Ireland_Shakespeare_forgeries	[36]	Farington, op. cit. ; William P. Marsh, Clubs of London (London, 1828), volume 2, pp. 107–111.
doc54	https://en.wikipedia.org/wiki/Ireland_Shakespeare_forgeries	[37], [38]	Sidney Lee, "Samuel Ireland" in Dictionary of National Biography, London, 1892, volume 29,
doc54	https://en.wikipedia.org/wiki/Ireland_Shakespeare_forgeries	[39]	Eu. Hood, "Fly-Leaves, No. XXXI: Pseudo-Shakspeare," in Gentleman's Magazine, May 1826, pp. 421–423. 
doc54	https://en.wikipedia.org/wiki/Ireland_Shakespeare_forgeries	[40]	George Steevens to Bishop Percy, 26 December 1796, in John Bowyers Nichols, Illustrations of the Literary History of the Eighteenth Century (London, 1848), volume 7, pp. 7–8.
doc54	https://en.wikipedia.org/wiki/Ireland_Shakespeare_forgeries	[41]	Sidney Lee, "Samuel Ireland" in Dictionary of National Biography, London, 1892, volume 29, The Nixon print, "The Oaken Chest, or, The Gold Mines of Ireland a Farce is available at the Folger Library web site Archived 28 May 2010 at the Wayback Machine .
doc54	https://en.wikipedia.org/wiki/Ireland_Shakespeare_forgeries	[42]	"The Literary Career of a Shakespeare Forger" in volume 2 of Shakespeare: the Man and the Book. This issue is covered on pp. 156–163. See also Farrer, p. 236.
doc54	https://en.wikipedia.org/wiki/Ireland_Shakespeare_forgeries	[43]	Freeman, Arthur. "The Actual Originals" in The Times Literary Supplement 5716 (19 October 2012), pp. 14—15.
doc54	https://en.wikipedia.org/wiki/Ireland_Shakespeare_forgeries	[44]	Peter Ackroyd (2004) The Lambs of London, 228 pages. Chatto & Windus London, ISBN 0-7011-7744-6
doc54	https://en.wikipedia.org/wiki/Ireland_Shakespeare_forgeries	[45]	Repeated on BBC Radio 4 Extra, 18/19 July 2011.
doc55	https://en.wikipedia.org/wiki/Correspondence_of_Paul_and_Seneca	[1]	A tiny minority of 20th and 21st century works do support at least partial authenticity of the correspondence. Ilaria Ramelli is a rare example of an academic who cautiously supports partial authenticity, arguing that Paul's side of the correspondence might possibly be legitimate. [19]
doc56	https://en.wikipedia.org/wiki/Kujiki	[3]	Mark Teeuwen, “Sendai Kuji Hongi: Authentic Myths or Forged History?”, Monumenta Nipponica 62.1 (2007), 87-96
doc57	https://en.wikipedia.org/wiki/Laudabiliter	[5],[27],[41]	Curtis, Edmund (2002). A History of Ireland from Earliest Times to 1922 . New York: Routledge. p. 49 . ISBN 0-415-27949-6 .
doc57	https://en.wikipedia.org/wiki/Laudabiliter	[7]	Martin, Francis Xavier. "Dairmait Mac Murchada and the coming of the Anglo-Normans", A New History of Ireland , Volume II, (Art Cosgrove, ed.) Oxford University Press, 2008 ISBN 9780199539703
doc57	https://en.wikipedia.org/wiki/Laudabiliter	[10]	Ua Clerigh, Arthur. "Pope Adrian IV." The Catholic Encyclopedia Vol. 1. New York: Robert Appleton Company, 1907. 21 Jul. 2015
doc57	https://en.wikipedia.org/wiki/Laudabiliter	[18],[24],[25],[33],[43],[53]	Gasquet, Cardinal (1922). Monastic Life in the Middle Ages . London: G. Bell & Sons Ltd. pp. 163–164.
doc57	https://en.wikipedia.org/wiki/Laudabiliter	[19],[23]	Tarleton, Alfred Henry (1896). Nicholas Breakspear (Adrian IV.): Englishman and Pope . A. L. Humphreys.
doc57	https://en.wikipedia.org/wiki/Laudabiliter	[20]	Williams, L. F. Rushbrook. History of the Abbey of St. Alban , Longman's Green & Co. London 1917, pp.70–71
doc57	https://en.wikipedia.org/wiki/Laudabiliter	[21]	Hosler, John D., Henry II: A Medieval Soldier at War, 1147-1189 , BRILL, 2007 ISBN 9789004157248
doc57	https://en.wikipedia.org/wiki/Laudabiliter	[22]	Williams, L. F. Rushbrook (1917). History of the Abbey of St. Alban . London: Longman's Green & Co. pp. 70–71.
doc57	https://en.wikipedia.org/wiki/Laudabiliter	[26]	McCormick, Stephen J. (1889). The Pope and Ireland . San Francisco: A. Waldteufel. p. 29.
doc57	https://en.wikipedia.org/wiki/Laudabiliter	[28]	McCormick, Stephen J. (1889). The Pope and Ireland . San Francisco: A. Waldteufel. p. 30.
doc57	https://en.wikipedia.org/wiki/Laudabiliter	[29],[60]	Mackie, J. Duncan (1907). Pope Adrian IV. The Lothian Essay . Oxford: B. H. Blackwell. p. 111.
doc57	https://en.wikipedia.org/wiki/Laudabiliter	[30],[35],[42],[44]	Thatcher, Oliver Joseph (1903). Studies Concerning Adrian IV . Chicago: The Decennial Publications. p. 4.
doc57	https://en.wikipedia.org/wiki/Laudabiliter	[31]	Moore, Thomas (1840). "XXXII". The History of Ireland . Vol. 2 (New ed.). London: Longman, Orme, Brown, Green. p. 342.
doc57	https://en.wikipedia.org/wiki/Laudabiliter	[32]	Richter, Michael. "The First Century of Anglo-Irish Relations", History , 59, 1974, pp.195-210
doc57	https://en.wikipedia.org/wiki/Laudabiliter	[34]	Giraldus Cambrensis (1891). Frederick J. Furnivall M.A. (ed.). The English Conquest of Ireland a.d. 1166–1185: Mainly from the 'Expugnato Hibernica' of Giraldus Cambrensis . Vol. 1. Published for The Early English Text Society. London: Kegan Paul, Trench, Trubner & Co., Limited. pp. xiii.
doc57	https://en.wikipedia.org/wiki/Laudabiliter	[36],[49]	Ginnell, Laurence (1899). The Doubtful Grant of Ireland By Pope Adrian IV. To King Henry Investigated . Dublin: Fallon & Co. p. 1.
doc57	https://en.wikipedia.org/wiki/Laudabiliter	[37],[45],[46],[52]	Burke, Very Rev. Thomas N. (1873). "1". English Misrule in Ireland: A Course of Lectures in Reply to J. A Froude . Vol. 1. New York: Lynch, Cole & Meehan. p. 28.
doc57	https://en.wikipedia.org/wiki/Laudabiliter	[38]	O'Hegarty, P. S. (1918). "1". The Indestructible Nation . Vol. 1. Dublin & London: Maunsel & Company, Ltd. p. 3.
doc57	https://en.wikipedia.org/wiki/Laudabiliter	[39]	Lynch, John (1848). Matthew Kelly (ed.). Cambrensis Eversus: The History of Ireland Vindicated . Dublin: The Celtic Society. pp. iii.
doc57	https://en.wikipedia.org/wiki/Laudabiliter	[40]	Davidson LS & Ward JO, The sorcery trial of Alice Kyteler (New York, 1993), appendix 8. ISBN 0-86698-171-3
doc57	https://en.wikipedia.org/wiki/Laudabiliter	[47]	Paul, Herbert (1905). The Life of Froude . London: Sir Isaac Pitman & Sons, Ltd. p. 218.
doc57	https://en.wikipedia.org/wiki/Laudabiliter	[48]	Orpen, Goddard Henry (1911). Ireland Under the Normans 1169–1216 . Vol. 1. Oxford: Clarendon Press. p. 288.
doc57	https://en.wikipedia.org/wiki/Laudabiliter	[50]	Ua Clerigh, Arthur. History of Ireland , xxvi, Dublin, 1906
doc57	https://en.wikipedia.org/wiki/Laudabiliter	[51]	Phillips, J. R. S. (1990). "The Irish remonstrance of 1317: an international perspective". Irish Historical Studies . 27 (106): 112–129. doi : 10.1017/S0021121400018265 . S2CID 156521212 .
doc57	https://en.wikipedia.org/wiki/Laudabiliter	[54]	Duggan, Anne (13 February 2013). "Laudabiliter: a new interpretation by Professor Anne Duggan" . History Ireland . Retrieved 30 January 2016 .
doc57	https://en.wikipedia.org/wiki/Laudabiliter	[55]	Scheffer-Boichorst, Paul. Mittheilungen des Instituts für österreichische Geschichtsforschung IV, supplementary vol., 1893, p. 101
doc57	https://en.wikipedia.org/wiki/Laudabiliter	[56]	Liebermann, Felix. Deutsche Zeitschrift für Geschichtswissenschaft 1892, I, 58
doc57	https://en.wikipedia.org/wiki/Laudabiliter	[57]	"Kostick, Conor. "Laudabiliter: a new interpretation by Professor Anne Duggan", Early Modern History (1500–1700) , Issue 3 (May/Jun 2005), News, Vol. 13" . Historyireland.com. 12 February 2009 . Retrieved 12 February 2019 .
doc57	https://en.wikipedia.org/wiki/Laudabiliter	[58]	Ginnell, Laurence. The Doubtful Grant of Ireland By Pope Adrian IV to King Henry Investigated , Fallon & Co, Dublin (1899), pp.4-5
doc57	https://en.wikipedia.org/wiki/Laudabiliter	[59]	"Ginnell, Laurence. "An Bullae Pontificae An Non", The New Irish Review , Vol.8, New Ireland Review Office, 1898" . 1898 . Retrieved 12 February 2019 .
doc57	https://en.wikipedia.org/wiki/Laudabiliter	[61]	Lidbetter, Sebastian (2019). "HADRIAN IV (1154-1159) AND THE "BULL" LAUDABILITER: A HISTORIOGRAPHICAL REVIEW, p.16" .
doc57	https://en.wikipedia.org/wiki/Laudabiliter	[62]	"Pope Adrian's Bull "Laudabiliter" and note upon it" . www.libraryireland.com . Retrieved 24 November 2017 .
doc57	https://en.wikipedia.org/wiki/Laudabiliter	[63]	"Robert Bruce, King of Scots | University of Strathclyde" . www.strath.ac.uk . Archived from the original on 15 April 2023 . Retrieved 15 April 2023 .
doc57	https://en.wikipedia.org/wiki/Laudabiliter	[64]	"Full Text of 1317 Remonstrance" . Ucc.ie . Retrieved 12 February 2019 .
doc57	https://en.wikipedia.org/wiki/Laudabiliter	[65]	Magnum Bullarium Romanum Volume 4, part 1, page 315 (1743 edition; facsimile reprint 1965).
doc58	https://en.wikipedia.org/wiki/Ordinance_of_Normandy	[1]	In Medieval French , the word langue/lange is used for a linguistic community and people or the territory where a language is spoken, [4] [5] as for the langues of the Knights Hospitaller .
